TRADEDATE,OPEN,HIGH,LOW,CLOSE,VOLUME,VALUE
2025-01-03,280,280.41,271.8,272.25,43086870,11853565984.9
2025-01-06,270.88,274.41,270.07,274.37,28454750,7737094495.2
2025-01-08,273.07,277.87,273.07,277,26634660,7356165148.5
2025-01-09,276.71,278.77,270.73,271.8,52952880,14491325783.8
2025-01-10,272.31,279.53,270.27,278.77,71154220,19623132401.4
2025-01-13,280.62,284.75,278.6,279.8,66601710,18781966095.5
2025-01-14,279.84,282.36,277.41,279.85,46037150,12888705821.9
2025-01-15,280,282.82,276.06,282.77,52864450,14768778206.9
2025-01-16,283.7,284,281.18,281.8,49453530,13975953014.3
2025-01-17,282.2,284.64,280.19,283.53,51876150,14674366108.3
2025-01-20,285.1,286.23,277.61,278.19,67946640,19166116805.7
2025-01-21,279.39,281.85,276.32,281.85,40478260,11305302708.9
2025-01-22,282,284,280.2,280.36,47106880,13286163684.6
2025-01-23,280.79,280.79,277.35,280.49,38573410,10774689057.8
2025-01-24,281,282.75,279.25,280.74,32155210,9028740828.2
2025-01-27,280.72,280.97,275.01,275.23,39035610,10825883885.4
2025-01-28,275.25,279.26,274.01,278.35,39030820,10821743892.1
2025-01-29,278,282.18,277.12,280.36,39161630,10974299055.3
2025-01-30,280.44,282.5,280.36,281.97,28020880,7888310432.6
2025-01-31,281.97,284.11,280.27,280.73,40333120,11395665602
2025-02-03,280.21,280.35,278,279.55,30373760,8477125815.3
2025-02-04,279.55,281.41,275.7,277.4,23986670,6685824653.4
2025-02-05,277.3,283.89,275.34,282.88,43070410,12035124307.1
2025-02-06,283.89,288.92,282.09,287.15,69363150,19885584125.2
2025-02-07,287.66,288.9,285.08,285.81,27626070,7924869053.3
2025-02-10,287.61,294.55,287.61,289.94,73052590,21267188580.4
2025-02-11,290.35,294.1,289.3,294.06,56009830,16355814309
2025-02-12,294.3,314.4,291.3,314,185816680,56277149585.3
2025-02-13,315.61,318.72,307.2,310.1,116925810,36604642922.8
2025-02-14,315.59,317.84,303.06,309.87,126690930,39525316749.6
2025-02-17,314,319.55,312.31,319.5,84827010,26824441532.1
2025-02-18,319.99,320.92,310.21,312.95,85001770,26823149077.9
2025-02-19,313.53,317.25,311.01,315.91,50484340,15868701994
2025-02-20,315.91,317.96,314.02,315.05,33164900,10477695990.6
2025-02-21,315.48,316.69,312,314.74,32725520,10285495344.6
2025-02-24,314.92,316.4,313,316.03,35730390,11245263329
2025-02-25,316.03,318.59,315.62,316.97,38826960,12313543551
2025-02-26,316.97,317.45,308.31,310.22,73827020,23040552826.8
2025-02-27,310.22,312.45,305.43,307.1,60936490,18840933180.5
2025-02-28,306.01,310.4,304.05,309.63,65681370,20165953351
2025-03-03,309.84,310.94,300.2,305.5,69490830,21118040593.4
2025-03-04,306.95,318.5,306.14,316.4,88130960,27673062102.7
2025-03-05,316.4,318.3,313,313.56,57792400,18258763571
2025-03-06,313.6,317.43,313.57,315.18,31963110,10074119599.5
2025-03-07,315.19,321.87,310.69,316.92,110871260,35131355149.6
2025-03-10,316.98,320.63,316.37,317.57,39315360,12523199814.1
2025-03-11,317.7,321.98,315.57,319.69,64935150,20743337430.1
2025-03-12,319.99,320.9,315.8,318.39,41964450,13354955867.1
2025-03-13,318.39,320.5,312.5,316.37,78552090,24872186568.7
2025-03-14,316,321.1,314.12,320.51,51762530,16479988152.4
2025-03-17,320.69,326.97,319.82,326.02,65837470,21405545613.7
2025-03-18,326.2,329.77,323.82,324.06,72947120,23858590971.5
2025-03-19,324.5,326.88,322.3,325.3,39800890,12924249479.5
2025-03-20,325.41,326,321.8,324.05,42356790,13733625340.5
2025-03-21,323.8,326.08,322.15,323.26,28707780,9307475192.5
2025-03-24,323.26,323.94,318.51,319.47,33041960,10625951470.3
2025-03-25,320,322.2,314.65,319.8,48328480,15393054646.5
2025-03-26,319.9,320.88,315.01,315.23,20580040,6538901138.5
2025-03-27,315.51,317.16,311.95,311.96,36146350,11358486600.3
2025-03-28,311.96,313.65,305.65,308.04,51876870,16031305830.6
2025-03-31,307.8,310.88,298.8,309.72,63464450,19421334931.8
2025-04-01,310.5,312.9,302.7,303.24,46088340,14189067837.8
2025-04-02,303.23,306.5,301.21,306.11,40207020,12239463777.8
2025-04-03,306.21,309.2,296,302.09,52408560,15830422691.6
2025-04-04,303.55,304.37,284.4,285.35,88719200,26036638105.7
2025-04-07,285.25,294,275.76,287.56,148100880,42133204557.9
2025-04-08,290,294.66,281.5,282.03,65532930,18971747387.6
2025-04-09,280.91,294.48,276.33,293.4,109378190,31178982733.2
2025-04-10,294.09,296.75,288.27,292.46,62862840,18462379507.9
2025-04-11,293,300.48,292.8,299.81,50418210,15032498602.8
2025-04-14,300.18,302.4,295.13,296.5,43463400,13002981126.2
2025-04-15,296.51,300.45,295.6,297.99,24258710,7237200065.2
2025-04-16,298,303.3,296.06,300.8,30103500,9025534176.1
2025-04-17,300.89,305.07,300.41,304.8,37579800,11378109269.2
2025-04-18,302.7,303.85,296.25,300.01,46147920,13843312685.9
2025-04-21,302.67,308.7,301.76,308.12,51260130,15696937031.4
2025-04-22,308.5,315,306.55,312.25,64482010,19986720462.3
2025-04-23,313,314.98,305.55,310,58851190,18205856288
2025-04-24,310.77,312.8,309.09,310.16,24120000,7504459729.8
2025-04-25,310.85,317.87,310.71,316.69,51763570,16278145183.5
2025-04-28,318.42,320.26,313.52,314.23,64064870,20322690613.4
2025-04-29,314.99,315.45,308.1,309.41,30249990,9421538560.5
2025-04-30,309.28,309.95,303.12,307.8,41266290,12646916301.8
2025-05-02,307.8,307.8,299.7,299.96,19751770,5981323146
2025-05-05,299.9,302.78,291.66,294.64,51318290,15230445067.2
2025-05-06,294.65,304.75,292.05,302.02,49327640,14773158821.5
2025-05-07,302.5,304.24,300.56,302.79,29667370,8976384139.9
2025-05-08,302.9,306,300.61,302.15,20811410,6320270506.9
2025-05-12,303.53,311.49,301.7,310.81,44959170,13884015455.2
2025-05-13,310.8,312.5,309.61,311.24,24762720,7704228262.3
2025-05-14,311.5,313.71,304.04,304.21,27152010,8424502346.8
2025-05-15,304.2,307.77,300.49,304.72,47487250,14406540059.2
2025-05-16,304.7,308.88,296.56,306.34,63956680,19427040526.8
2025-05-19,306.34,313,306.01,308.33,54696990,16945367750.9
2025-05-20,308.88,309.55,304.7,306.16,19810690,6083077283.3
2025-05-21,306.17,307.56,302.89,303.98,20456330,6242559258.5
2025-05-22,304.5,305.6,299.17,302.66,35013910,10582114096.7
2025-05-23,302.66,305,301.33,302.22,17175890,5198782407.7
2025-05-26,302.22,302.49,295.5,297.77,34631470,10306538220.4
2025-05-27,297.73,299.9,293.08,298.7,25760040,7673014298
2025-05-28,299,308.82,299,308.47,48001460,14648131212
2025-05-29,308.61,309.95,305.66,306.65,24049740,7398147137.4
2025-05-30,306.27,310.29,305.01,309.3,21916240,6759369553.5
2025-06-02,309.31,311.99,300.51,309.63,54580610,16712545745.1
2025-06-03,309.7,314.88,309.39,313.55,34937680,10951973458
2025-06-04,314,318.29,311.17,313.23,53786160,16958795557.5
2025-06-05,313.55,318.59,313.53,317.96,28359290,8986855430
2025-06-06,318.35,325.43,312.52,313.13,102022760,32500344718.1
2025-06-09,314,315.51,310,311.17,33754120,10533542010
2025-06-10,311.21,313.3,307.55,308.68,27818280,8619271205.5
2025-06-11,309.53,313.6,308.03,312,26275440,8191275736.2
2025-06-13,313.28,313.39,309.53,310.2,13424610,4174681243.7
2025-06-16,310.21,314.37,309.55,311.5,24722530,7710716133.8
2025-06-17,311.61,314.93,310.5,313.56,23302090,7304100659.3
2025-06-18,313.56,314.82,311.63,313.38,17607700,5520966746
2025-06-19,313.41,316.45,312.14,312.46,30310650,9522281144.4
2025-06-20,312.46,313.59,309.3,309.7,22045200,6863014852
2025-06-23,310.9,311.44,308.04,310.17,15950290,4938806149.6
2025-06-24,310.3,312.02,309,311.37,18994470,5897307982.6
2025-06-25,311.65,314.29,311.57,313.78,20230110,6341067887.7
2025-06-26,313.8,314.5,312.74,312.84,12976890,4068113458.2
2025-06-27,313.03,315.5,313,315.18,19035650,5982192972
2025-06-30,315.2,317.7,314.6,316.15,30132840,9525329651.4
2025-07-01,316.69,319.6,316.3,318.42,21887840,6964251168.6
2025-07-02,318.96,319.85,317.41,319.43,20701250,6600317218.2
2025-07-03,319.53,321.5,318.74,319.17,20286790,6500049426.2
2025-07-04,318.85,321.41,317.5,319.44,17811390,5689934411
2025-07-07,319.5,320.6,312.82,313.5,31000910,9787005611.3
2025-07-08,313.34,315.31,309.6,309.71,25532140,7996138126.9
2025-07-09,310.01,312.3,307.6,310.09,29871070,9252314230.6
2025-07-10,310.77,315.07,310.5,314.01,23711960,7434156902.4
2025-07-11,314.5,317.88,308.85,309.88,39276450,12241821099.6
2025-07-14,310,318.85,304.38,317.97,60982030,19004266500.9
2025-07-15,318.16,320.43,316.6,319.99,40470270,12910720451.2
2025-07-16,320,322,319.54,321.58,36861670,11827832481.6
2025-07-17,321.26,329.23,321.19,327.05,91182020,29731917686.3
2025-07-18,300.45,309.4,300.25,309,115982520,35354690605
2025-07-21,309.69,314.56,309.31,310.4,58775550,18307430351.3
2025-07-22,310.65,311.72,308.55,310.67,26942000,8360752088.2
2025-07-23,311,314.49,310.78,313.08,37399400,11718452317.2
2025-07-24,313.09,313.99,309.75,310.83,27841890,8668962709.7
2025-07-25,310.86,311.76,306,308.93,50866870,15731070355.1
2025-07-28,309.35,309.95,303.54,303.97,41734530,12776839043.7
2025-07-29,304.77,308.26,303.05,305.26,30696940,9375226490.2
2025-07-30,305.58,306.2,303.2,303.3,14499120,4412739606.1
2025-07-31,303.9,305.79,302.81,304.95,19884770,6052599147.2
2025-08-01,305.41,307.5,302.89,304.22,18473506,5640029361.96
2025-08-04,305.3,308.12,304.5,307.95,28420639,8705418280.86
2025-08-05,307.97,308.67,305.25,307.38,21497509,6600273789.41
2025-08-06,307.4,312.96,303.33,310.22,59949361,18467299362.31
2025-08-07,310.22,316.5,308.76,313.43,72089666,22585748627.03
2025-08-08,314.68,317.98,312.6,317.97,34959877,11005948334.74
2025-08-11,321.72,322.9,317.05,317.82,42436965,13561508440.33
2025-08-12,318.17,318.99,316.6,318,18765577,5965464945.68
2025-08-13,318,319.7,317.05,317.51,21127896,6725812960.17
2025-08-14,317.6,319.2,314.81,318.73,26459276,8396973453.22
2025-08-15,318.9,320.5,318.45,319.4,26071682,8332392054.18
2025-08-18,316.86,319.89,310.03,318.38,47243830,14947370865.07
2025-08-19,318.98,319.73,316.29,316.5,21879576,6964277289.18
2025-08-20,316.53,317.51,313.02,314.17,18653270,5869479046.82
2025-08-21,314.17,315.1,309.28,309.98,30815394,9613839595.84
2025-08-22,310.11,312.49,309.75,312.05,15495808,4824423002.32
2025-08-25,312.11,312.5,308.75,311.42,16597549,5152868818.66
2025-08-26,311.11,314,310.5,311.79,11297232,3529157240.57
2025-08-27,312,313.78,311.06,312.78,11692831,3654563019.24
2025-08-28,313.03,314.5,310.12,310.82,20309447,6341434576.04
2025-08-29,311.18,311.82,308.95,310.04,14855695,4611253588.03
2025-09-01,309.99,312.5,308.82,309.2,12919567,4011172329.4
2025-09-02,309.2,310.1,307.05,308.44,17407779,5366665365.11
2025-09-03,308.45,309.68,307.21,309.49,10482402,3233933499.51
2025-09-04,309.6,310.8,307.5,308.74,12848837,3974488416.24
2025-09-05,309.1,311.16,308.8,310.5,11650553,3614081672.13
2025-09-08,310.5,313.26,310.1,312.83,18352636,5730658424.58
2025-09-09,313,314.25,311.62,313.06,17116843,5359212726.61
2025-09-10,313.65,313.65,309,309.76,19292572,5999706054.39
2025-09-11,309.76,310.77,305.8,307.11,29436347,9052430559.63
2025-09-12,307.5,308.72,302.53,303.5,39315303,12001884293.42
2025-09-15,303.61,304.75,300.71,302.48,24789043,7501199667.67
2025-09-16,303,304.2,299.7,301.8,26108050,7874847903.39
2025-09-17,301.8,305.92,299.8,304.5,31421531,9515741220.01
2025-09-18,304.8,305.05,300.66,301.68,27536729,8315372549.13
2025-09-19,301.6,303.8,294.61,294.84,38919790,11635708803.64
2025-09-22,295.86,299.3,292.16,298.05,41184639,12146855505.87
2025-09-23,298.26,300.11,290.39,291.6,33989319,10055129316.84
2025-09-24,291.8,296.64,288.4,293.31,47845030,14013824160.56
2025-09-25,293.87,294.89,289.5,289.9,20998024,6131641048.37
2025-09-26,290.2,292.79,288.52,291.33,22643314,6577490806.23
2025-09-29,291.03,295.5,286.5,287.57,36270471,10558191901.87
2025-09-30,287.67,289.88,285.24,288.36,29382368,8448898245.35
2025-10-01,288.88,290.39,285.11,286.4,22897705,6576740304.08
2025-10-02,286.4,287.15,282.8,285.22,28023440,7977142960.95
2025-10-03,285.75,287.32,282.58,282.91,17098575,4866587736.44
2025-10-06,283,291.17,279.14,290.56,44563926,12725990249.11
2025-10-07,290,295.87,288.75,293.89,37893983,11118592914.9
2025-10-08,293.93,295,278,281.9,75222569,21455966507.52
2025-10-09,282.8,290.45,278.75,289.37,76179258,21756142085.85
2025-10-10,289.9,289.95,284.1,285.12,34168796,9802145252.36
2025-10-13,284.4,288.75,282.22,285.39,37255011,10628443460.69
2025-10-14,285.5,286.99,282.05,283.3,22304284,6336024375.64
2025-10-15,283.93,285.39,282,283.74,22412693,6354633082.6
2025-10-16,283.9,304,282.4,302.91,94011501,27693939616.72
2025-10-17,303.23,305,299.76,300.91,45293894,13662360087.79
2025-10-20,301.3,306.15,301.3,304,34807707,10588797522.93
2025-10-21,304.1,304.43,290.5,295.47,70646260,21009220004.88
2025-10-22,295.52,295.77,286.76,290.02,43163350,12617477172.48
2025-10-23,286.93,291.98,285.21,291.8,39228445,11285276468.59
2025-10-24,292.17,294.93,286.3,287.55,47904311,13867992000.93
2025-10-27,287.47,287.99,282.46,283.17,35162033,9995467134.35
2025-10-28,283.22,290.7,281,289.46,36966759,10631654782.9
2025-10-29,290.45,291.51,288.15,290.5,21784278,6313299551.42
2025-10-30,290.49,298,289.13,296.12,37766748,11142750680.78
2025-10-31,296.04,297.97,290,291.89,31675676,9302630867.51
2025-11-01,292,294.42,290.35,293.7,12822737,3763739970.14
2025-11-03,294.19,300,294.19,298.04,17970362,5350986709.95
2025-11-05,297.64,298.82,293.88,295.7,33737444,9996341505.05
2025-11-06,295.73,296.93,292.01,294.27,24025168,7064646712.28
2025-11-07,293.5,298.09,292.52,296.84,22069475,6541015487.16
2025-11-10,297.27,302.79,296.7,300.46,42981855,12926536192.2
2025-11-11,300.86,301.87,298.06,301.12,21489101,6452433192.43
2025-11-12,301.15,301.89,296.81,299.09,24329162,7277070281.42
2025-11-13,299,301.53,297.67,299.09,16853483,5048729657.95
2025-11-14,299.09,299.7,295.5,297.44,19655059,5838418641.35
2025-11-17,297.44,297.89,293.64,294.68,22555984,6658039882.16
2025-11-18,294.68,302.86,293.33,299.44,47260145,14157514528.87
2025-11-19,300,309.9,298.66,304.75,60132565,18329390316.71
2025-11-20,304.76,308.88,301.78,307.89,42352133,12934315611.36
2025-11-21,308.5,309.23,304.22,306.7,32336510,9917805065.75
2025-11-24,308.67,309.95,303.7,305.87,26541972,8129662622.06
2025-11-25,306,307.97,303,306.6,29434900,9007594998.84
2025-11-26,306.48,306.87,304,304.96,12942518,3946630169.16
2025-11-27,305.47,306.25,297.33,299.53,34517910,10394336262.28
2025-11-28,300.86,305.26,299.05,304.17,24863407,7515783116.96
2025-12-01,304.32,306.48,303.01,305.2,23738837,7240216146.69
2025-12-02,305.6,305.92,301.46,303.77,19883739,6048433753.4
2025-12-03,301.1,303.76,299.1,302.85,28901358,8702516170.9
2025-12-04,303.25,304.58,301.4,301.76,16616235,5030112558.88
2025-12-05,301.76,307.92,301.66,307.22,34203718,10450683867.56
2025-12-08,307.53,308.48,304.2,304.95,27634404,8463863073.75
2025-12-09,305,307.7,304.5,306.39,22986737,7038561904.88
2025-12-10,307,307.68,306,306.73,14599471,4477612444.65
2025-12-11,306.84,309.41,305.2,307.19,44063111,13555005667.31
2025-12-12,307.21,307.92,303.61,303.86,31814259,9721821856.2
2025-12-15,304.32,305.8,303.07,305.08,30961382,9424859039.11
2025-12-16,305.07,306.2,303.53,304.78,24824717,7571279480.47
2025-12-17,304.79,305.88,301.78,303.5,30322906,9201627020.25
2025-12-18,303.38,304.27,300.47,301.96,38425498,11595792384.77
2025-12-19,302.3,303.25,298.51,299.87,51746725,15565216005.1
2025-12-22,300.01,300.65,296.84,297.72,27835745,8308098426.21
2025-12-23,298.03,301.68,297.32,300.65,18476872,5537942834.73
2025-12-24,300.66,303.15,299.32,302.03,20631838,6229203594.24
2025-12-25,302.31,302.72,300.07,300.26,11659403,3507971432.1
2025-12-26,300.26,302.6,300.02,302.51,24760307,7471305890.61
2025-12-29,302.66,306.2,298.5,299.7,56868781,17178955734.59
2025-12-30,300.5,300.99,299.08,299.9,19986979,5995707082.49
